{
  "$schema": "https://raw.githubusercontent.com/grafana/grafana/main/docs/sources/developers/plugins/plugin.schema.json",
  "type": "panel",
  "name": "Topology-Panel",
  "id": "falcondevtech-topology-panel",
  "info": {
    "keywords": ["panel"],
    "description": "A visualization panel for device network topologies",
    "author": {
      "name": "Falcondev"
    },
    "logos": {
      "small": "img/logo.svg",
      "large": "img/logo.svg"
    },
    "screenshots":[
      {
        "name": "Graph Screenshot",
        "path": "img/graph-screenshot.png"
      },
      {
        "name": "Query Screenshot",
        "path": "img/query-screenshot.png"
      }
    ],
    "links": [],
    "version": "2.0.0",
    "updated": "2024-09-30"
  },
  "dependencies": {
    "grafanaDependency": ">=10.0.3",
    "plugins": []
  }
}
